region_league,position,team_name,team_id,played,wins,draws,losses,goals_for,goals_against,goal_difference,points,last_updated,url,standings_key
DR CONGO - LIGUE 1 - ROUND 9,3,AC Rangers,Stjmj4EU,5,2,14,2,14,12,2,17,2025-12-12T13:25:44.811564,https://www.flashscore.com/football/dr-congo/ligue-1/,
DR CONGO - LIGUE 1 - ROUND 9,4,Celeste,E5gUhvoN,4,2,16,11,16,5,11,16,2025-12-12T13:25:44.811564,https://www.flashscore.com/football/dr-congo/ligue-1/,
DR CONGO - LIGUE 1 - ROUND 9,5,Motema Pembe,OzNavCpl,6,1,15,6,15,9,6,15,2025-12-12T13:25:44.811564,https://www.flashscore.com/football/dr-congo/ligue-1/,
DR CONGO - LIGUE 1 - ROUND 9,6,Aigles du Congo,ll5VeAML,3,2,11,3,11,8,3,15,2025-12-12T13:25:44.811564,https://www.flashscore.com/football/dr-congo/ligue-1/,
DR CONGO - LIGUE 1 - ROUND 9,7,Maniema,2BaHDFR2,7,0,9,5,9,4,5,13,2025-12-12T13:25:44.811564,https://www.flashscore.com/football/dr-congo/ligue-1/,
DR CONGO - LIGUE 1 - ROUND 9,8,Dauphins Noirs,MRueczhs,3,3,9,2,9,7,2,12,2025-12-12T13:25:44.811564,https://www.flashscore.com/football/dr-congo/ligue-1/,
DR CONGO - LIGUE 1 - ROUND 9,9,Etoile de Kivu,AyC7mybj,3,4,9,-6,9,15,-6,12,2025-12-12T13:25:44.811564,https://www.flashscore.com/football/dr-congo/ligue-1/,
DR CONGO - LIGUE 1 - ROUND 9,10,Anges Verts,z9cAjOjt,2,4,12,-2,12,14,-2,11,2025-12-12T13:25:44.811564,https://www.flashscore.com/football/dr-congo/ligue-1/,
DR CONGO - LIGUE 1 - ROUND 9,11,New Jack,j5mZpKKH,4,2,7,0,7,7,0,10,2025-12-12T13:25:44.811564,https://www.flashscore.com/football/dr-congo/ligue-1/,
DR CONGO - LIGUE 1 - ROUND 9,12,Renaissance,v9rrw7PE,2,5,5,-4,5,9,-4,8,2025-12-12T13:25:44.811564,https://www.flashscore.com/football/dr-congo/ligue-1/,
DR CONGO - LIGUE 1 - ROUND 9,13,FC Renaissance,fVHSnLKa,5,4,9,-6,9,15,-6,8,2025-12-12T13:25:44.811564,https://www.flashscore.com/football/dr-congo/ligue-1/,
DR CONGO - LIGUE 1 - ROUND 9,14,Bukavu Dawa,A3NxqwT3,1,7,4,-15,4,19,-15,4,2025-12-12T13:25:44.811564,https://www.flashscore.com/football/dr-congo/ligue-1/,
DR CONGO - LIGUE 1 - ROUND 9,15,Martin Pecheur,zuQzoakC,0,3,0,-9,0,9,-9,0,2025-12-12T13:25:44.811564,https://www.flashscore.com/football/dr-congo/ligue-1/,
FRANCE - NATIONAL - ROUND 16,1,Dijon,dIvQQaE7,5,1,24,15,24,9,15,29,2025-12-12T15:21:11.900964,https://www.flashscore.com/football/france/national/,
FRANCE - NATIONAL - ROUND 16,2,Rouen,z5PJrrtm,5,1,21,12,21,9,12,29,2025-12-12T15:21:11.900964,https://www.flashscore.com/football/france/national/,
FRANCE - NATIONAL - ROUND 16,3,Sochaux,jPojkLXK,3,4,21,11,21,10,11,24,2025-12-12T15:21:11.900964,https://www.flashscore.com/football/france/national/,
FRANCE - NATIONAL - ROUND 16,4,Versailles,nDjHIbwL,3,4,18,4,18,14,4,24,2025-12-12T15:21:11.900964,https://www.flashscore.com/football/france/national/,
FRANCE - NATIONAL - ROUND 16,5,Orleans,AqswAEFD,2,5,18,-5,18,23,-5,23,2025-12-12T15:21:11.900964,https://www.flashscore.com/football/france/national/,
FRANCE - NATIONAL - ROUND 16,6,Aubagne,ry31K39D,6,3,20,2,20,18,2,21,2025-12-12T15:21:11.900964,https://www.flashscore.com/football/france/national/,
FRANCE - NATIONAL - ROUND 16,7,Fleury-Merogis,IooxkpEI,6,3,15,6,15,9,6,21,2025-12-12T15:21:11.900964,https://www.flashscore.com/football/france/national/,
FRANCE - NATIONAL - ROUND 16,8,Concarneau,Uo57pG95,6,3,15,1,15,14,1,21,2025-12-12T15:21:11.900964,https://www.flashscore.com/football/france/national/,
FRANCE - NATIONAL - ROUND 16,9,Caen,GjLn2QoH,8,3,15,3,15,12,3,20,2025-12-12T15:21:11.900964,https://www.flashscore.com/football/france/national/,
FRANCE - NATIONAL - ROUND 16,10,Le Puy-en-Velay,xnng4dGk,5,4,21,4,21,17,4,20,2025-12-12T15:21:11.900964,https://www.flashscore.com/football/france/national/,
FRANCE - NATIONAL - ROUND 16,11,Paris 13 Atl.,WnjEIzRL,4,5,16,-2,16,18,-2,19,2025-12-12T15:21:11.900964,https://www.flashscore.com/football/france/national/,
FRANCE - NATIONAL - ROUND 16,12,Chateauroux,jZ2ZFJqe,7,4,16,-2,16,18,-2,16,2025-12-12T15:21:11.900964,https://www.flashscore.com/football/france/national/,
FRANCE - NATIONAL - ROUND 16,13,Valenciennes,O8dsB372,4,6,15,-3,15,18,-3,16,2025-12-12T15:21:11.900964,https://www.flashscore.com/football/france/national/,
FRANCE - NATIONAL - ROUND 16,14,Villefranche,K6STnbAt,3,8,13,-9,13,22,-9,15,2025-12-12T15:21:11.900964,https://www.flashscore.com/football/france/national/,
FRANCE - NATIONAL - ROUND 16,15,Quevilly Rouen,fPCzUHN1,3,9,13,-11,13,24,-11,9,2025-12-12T15:21:11.900964,https://www.flashscore.com/football/france/national/,
FRANCE - NATIONAL - ROUND 16,16,Bourg en Bresse,Ict2iv2P,4,9,10,-12,10,22,-12,7,2025-12-12T15:21:11.900964,https://www.flashscore.com/football/france/national/,
FRANCE - NATIONAL - ROUND 16,17,Stade Briochin,CQxeodfa,4,9,13,-14,13,27,-14,7,2025-12-12T15:21:11.900964,https://www.flashscore.com/football/france/national/,
NETHERLANDS - EERSTE DIVISIE - ROUND 20,1,Den Haag,lAgLCkT3,1,1,51,35,51,16,35,49,2025-12-12T14:56:09.448312,https://www.flashscore.com/football/netherlands/eerste-divisie/,
NETHERLANDS - EERSTE DIVISIE - ROUND 20,2,Cambuur,QRyYgO7J,5,2,41,19,41,22,19,41,2025-12-12T14:56:09.448312,https://www.flashscore.com/football/netherlands/eerste-divisie/,
NETHERLANDS - EERSTE DIVISIE - ROUND 20,3,De Graafschap,naL1J006,4,5,37,9,37,28,9,34,2025-12-12T14:56:09.448312,https://www.flashscore.com/football/netherlands/eerste-divisie/,
NETHERLANDS - EERSTE DIVISIE - ROUND 20,4,Jong PSV,8Au8eRom,4,6,37,2,37,35,2,31,2025-12-12T14:56:09.448312,https://www.flashscore.com/football/netherlands/eerste-divisie/,
NETHERLANDS - EERSTE DIVISIE - ROUND 20,5,Den Bosch,4IzxgrNP,2,8,38,0,38,38,0,29,2025-12-12T14:56:09.448312,https://www.flashscore.com/football/netherlands/eerste-divisie/,
NETHERLANDS - EERSTE DIVISIE - ROUND 20,6,Willem II,6u3qag0G,5,6,25,-2,25,27,-2,29,2025-12-12T14:56:09.448312,https://www.flashscore.com/football/netherlands/eerste-divisie/,
NETHERLANDS - EERSTE DIVISIE - ROUND 20,7,Roda,6FRTNZ8p,7,5,30,3,30,27,3,28,2025-12-12T14:56:09.448312,https://www.flashscore.com/football/netherlands/eerste-divisie/,
NETHERLANDS - EERSTE DIVISIE - ROUND 20,8,Almere City,IsK0b0aI,2,9,38,7,38,31,7,26,2025-12-12T14:56:09.448312,https://www.flashscore.com/football/netherlands/eerste-divisie/,
NETHERLANDS - EERSTE DIVISIE - ROUND 20,9,Waalwijk,lvM1vra5,5,8,31,-2,31,33,-2,26,2025-12-12T14:56:09.448312,https://www.flashscore.com/football/netherlands/eerste-divisie/,
NETHERLANDS - EERSTE DIVISIE - ROUND 20,10,FC Emmen,Stafar0g,4,8,33,-1,33,34,-1,25,2025-12-12T14:56:09.448312,https://www.flashscore.com/football/netherlands/eerste-divisie/,
NETHERLANDS - EERSTE DIVISIE - ROUND 20,11,Dordrecht,fT0n14Vt,6,7,22,-2,22,24,-2,24,2025-12-12T14:56:09.448312,https://www.flashscore.com/football/netherlands/eerste-divisie/,
NETHERLANDS - EERSTE DIVISIE - ROUND 20,12,Venlo,UNA6IKFC,0,11,24,-5,24,29,-5,24,2025-12-12T14:56:09.448312,https://www.flashscore.com/football/netherlands/eerste-divisie/,
NETHERLANDS - EERSTE DIVISIE - ROUND 20,13,Helmond,SQGBcMU5,2,10,26,-4,26,30,-4,23,2025-12-12T14:56:09.448312,https://www.flashscore.com/football/netherlands/eerste-divisie/,
NETHERLANDS - EERSTE DIVISIE - ROUND 20,14,Jong Utrecht,2J6mntb0,5,8,28,-5,28,33,-5,23,2025-12-12T14:56:09.448312,https://www.flashscore.com/football/netherlands/eerste-divisie/,
NETHERLANDS - EERSTE DIVISIE - ROUND 20,15,Eindhoven FC,YJaj0Opm,3,10,22,-14,22,36,-14,21,2025-12-12T14:56:09.448312,https://www.flashscore.com/football/netherlands/eerste-divisie/,
NETHERLANDS - EERSTE DIVISIE - ROUND 20,16,Jong AZ,lKIgIV5b,2,11,29,-7,29,36,-7,20,2025-12-12T14:56:09.448312,https://www.flashscore.com/football/netherlands/eerste-divisie/,
NETHERLANDS - EERSTE DIVISIE - ROUND 20,17,Oss,40amSqFn,8,7,21,-9,21,30,-9,20,2025-12-12T14:56:09.448312,https://www.flashscore.com/football/netherlands/eerste-divisie/,
NETHERLANDS - EERSTE DIVISIE - ROUND 20,20,Jong Ajax,GncWwxTm,6,11,26,-12,26,38,-12,12,2025-12-12T14:56:09.448312,https://www.flashscore.com/football/netherlands/eerste-divisie/,
WALES - CYMRU NORTH - ROUND 14,1,Llandudno,p4Axz2IQ,2,0,32,27,32,5,27,35,2025-12-12T14:59:38.552267,https://www.flashscore.com/football/wales/cymru-north/,
WALES - CYMRU NORTH - ROUND 14,2,Holywell,0QWr1oIb,4,2,42,23,42,19,23,34,2025-12-12T14:59:38.552267,https://www.flashscore.com/football/wales/cymru-north/,
WALES - CYMRU NORTH - ROUND 14,3,Airbus,0hRd6c1g,3,2,43,29,43,14,29,33,2025-12-12T14:59:38.552267,https://www.flashscore.com/football/wales/cymru-north/,
WALES - CYMRU NORTH - ROUND 14,4,Newtown,Au6LyZpa,3,3,35,13,35,22,13,33,2025-12-12T14:59:38.552267,https://www.flashscore.com/football/wales/cymru-north/,
WALES - CYMRU NORTH - ROUND 14,5,Guilsfield,pvz6EAEN,3,3,27,7,27,20,7,27,2025-12-12T14:59:38.552267,https://www.flashscore.com/football/wales/cymru-north/,
WALES - CYMRU NORTH - ROUND 14,6,Buckley,fs066hlE,2,5,38,4,38,34,4,26,2025-12-12T14:59:38.552267,https://www.flashscore.com/football/wales/cymru-north/,
WALES - CYMRU NORTH - ROUND 14,7,Denbigh,U5V1jgZK,3,5,32,8,32,24,8,21,2025-12-12T14:59:38.552267,https://www.flashscore.com/football/wales/cymru-north/,
WALES - CYMRU NORTH - ROUND 14,8,Rhyl,UNwow86p,4,6,24,-7,24,31,-7,19,2025-12-12T14:59:38.552267,https://www.flashscore.com/football/wales/cymru-north/,
WALES - CYMRU NORTH - ROUND 14,9,Mold Alexandra,Es9411nk,4,5,15,0,15,15,0,16,2025-12-12T14:59:38.552267,https://www.flashscore.com/football/wales/cymru-north/,
WALES - CYMRU NORTH - ROUND 14,10,Holyhead,S2PADUTT,4,7,23,-5,23,28,-5,16,2025-12-12T14:59:38.552267,https://www.flashscore.com/football/wales/cymru-north/,
WALES - CYMRU NORTH - ROUND 14,11,Brickfield,fZRbKIIg,3,6,15,-10,15,25,-10,15,2025-12-12T14:59:38.552267,https://www.flashscore.com/football/wales/cymru-north/,
WALES - CYMRU NORTH - ROUND 14,12,Flint Mountain,biWWzDD9,2,9,22,-14,22,36,-14,14,2025-12-12T14:59:38.552267,https://www.flashscore.com/football/wales/cymru-north/,
WALES - CYMRU NORTH - ROUND 14,13,Caersws FC,jRiH3eoC,3,9,15,-15,15,30,-15,9,2025-12-12T14:59:38.552267,https://www.flashscore.com/football/wales/cymru-north/,
WALES - CYMRU NORTH - ROUND 14,14,Ruthin,fkrwZAJm,3,10,15,-16,15,31,-16,9,2025-12-12T14:59:38.552267,https://www.flashscore.com/football/wales/cymru-north/,
WALES - CYMRU NORTH - ROUND 14,15,Gresford,INNUUXsk,3,10,23,-31,23,54,-31,9,2025-12-12T14:59:38.552267,https://www.flashscore.com/football/wales/cymru-north/,
WALES - CYMRU NORTH - ROUND 14,16,Penrhyncoch,nstciZJE,4,9,19,-13,19,32,-13,7,2025-12-12T14:59:38.552267,https://www.flashscore.com/football/wales/cymru-north/,
MALTA - PREMIER LEAGUE - FIRST STAGE - PLAY OUT - ROUND 13,7,Gzira,vNKKFgsl,4,4,18,-1,18,19,-1,19,2025-12-12T15:05:40.412888,https://www.flashscore.com/football/malta/premier-league/,
MALTA - PREMIER LEAGUE - FIRST STAGE - PLAY OUT - ROUND 13,8,Hibernians,hWUCnRM1,4,4,21,2,21,19,2,16,2025-12-12T15:05:40.412888,https://www.flashscore.com/football/malta/premier-league/,
MALTA - PREMIER LEAGUE - FIRST STAGE - PLAY OUT - ROUND 13,9,Zabbar,MZkrZYmQ,5,5,13,-3,13,16,-3,11,2025-12-12T15:05:40.412888,https://www.flashscore.com/football/malta/premier-league/,
MALTA - PREMIER LEAGUE - FIRST STAGE - PLAY OUT - ROUND 13,10,Mosta,htCyNMwL,2,7,13,-7,13,20,-7,11,2025-12-12T15:05:40.412888,https://www.flashscore.com/football/malta/premier-league/,
MALTA - PREMIER LEAGUE - FIRST STAGE - PLAY OUT - ROUND 13,11,Naxxar,SItGFa63,3,9,12,-10,12,22,-10,6,2025-12-12T15:05:40.412888,https://www.flashscore.com/football/malta/premier-league/,
MALTA - PREMIER LEAGUE - FIRST STAGE - PLAY OUT - ROUND 13,12,Tarxien,I5Y7y9fg,3,8,10,-13,10,23,-13,6,2025-12-12T15:05:40.412888,https://www.flashscore.com/football/malta/premier-league/,
AUSTRALIA - A-LEAGUE WOMEN - ROUND 5,1,Canberra W,8zX0eXxt,1,2,11,5,11,6,5,10,2025-12-12T15:28:27.784973,https://www.flashscore.com/football/australia/a-league-women/,
AUSTRALIA - A-LEAGUE WOMEN - ROUND 5,2,Melbourne Victory W,EXZ8gB7h,0,3,11,3,11,8,3,9,2025-12-12T15:28:27.784973,https://www.flashscore.com/football/australia/a-league-women/,
AUSTRALIA - A-LEAGUE WOMEN - ROUND 5,3,Brisbane Roar W,04rryUiO,0,1,9,3,9,6,3,9,2025-12-12T15:28:27.784973,https://www.flashscore.com/football/australia/a-league-women/,
AUSTRALIA - A-LEAGUE WOMEN - ROUND 5,4,Sydney W,KAz5fihn,3,1,5,1,5,4,1,9,2025-12-12T15:28:27.784973,https://www.flashscore.com/football/australia/a-league-women/,
AUSTRALIA - A-LEAGUE WOMEN - ROUND 5,5,Melbourne City W,rBPup6iT,1,0,7,5,7,2,5,7,2025-12-12T15:28:27.784973,https://www.flashscore.com/football/australia/a-league-women/,
AUSTRALIA - A-LEAGUE WOMEN - ROUND 5,6,Newcastle W,vesnzl7U,1,1,5,-1,5,6,-1,7,2025-12-12T15:28:27.784973,https://www.flashscore.com/football/australia/a-league-women/,
AUSTRALIA - A-LEAGUE WOMEN - ROUND 5,7,Central Coast Mariners W,ITESjypc,0,3,7,0,7,7,0,6,2025-12-12T15:28:27.784973,https://www.flashscore.com/football/australia/a-league-women/,
AUSTRALIA - A-LEAGUE WOMEN - ROUND 5,8,Perth W,lfOwgkx5,0,4,6,-6,6,12,-6,6,2025-12-12T15:28:27.784973,https://www.flashscore.com/football/australia/a-league-women/,
AUSTRALIA - A-LEAGUE WOMEN - ROUND 5,9,Wellington Phoenix W,YTnQRHr5,2,2,3,-1,3,4,-1,5,2025-12-12T15:28:27.784973,https://www.flashscore.com/football/australia/a-league-women/,
AUSTRALIA - A-LEAGUE WOMEN - ROUND 5,10,Adelaide W,KxThvhwg,1,2,3,-4,3,7,-4,4,2025-12-12T15:28:27.784973,https://www.flashscore.com/football/australia/a-league-women/,
AUSTRALIA - A-LEAGUE WOMEN - ROUND 5,11,WS Wanderers W,OQSp9Rrp,1,3,3,-5,3,8,-5,4,2025-12-12T15:28:27.784973,https://www.flashscore.com/football/australia/a-league-women/,
BANGLADESH - BFL - ROUND 6,1,Bashundara Kings,htcj68ms,1,0,18,14,18,4,14,16,2025-12-12T15:30:28.998794,https://www.flashscore.com/football/bangladesh/bfl/,
BANGLADESH - BFL - ROUND 6,2,Fortis,vBusGp2f,2,1,5,3,5,2,3,11,2025-12-12T15:30:28.998794,https://www.flashscore.com/football/bangladesh/bfl/,
BANGLADESH - BFL - ROUND 6,3,Rahmatgonj MFS,WvSZCTKs,1,2,7,0,7,7,0,10,2025-12-12T15:30:28.998794,https://www.flashscore.com/football/bangladesh/bfl/,
BANGLADESH - BFL - ROUND 6,4,Mohammedan,6gHbafQi,1,3,8,-1,8,9,-1,7,2025-12-12T15:30:28.998794,https://www.flashscore.com/football/bangladesh/bfl/,
BANGLADESH - BFL - ROUND 6,5,Brothers U.,MuG3yiYp,1,3,5,-4,5,9,-4,7,2025-12-12T15:30:28.998794,https://www.flashscore.com/football/bangladesh/bfl/,
BANGLADESH - BFL - ROUND 6,6,Bangladesh Police,IJIz8OYm,3,1,3,-1,3,4,-1,6,2025-12-12T15:30:28.998794,https://www.flashscore.com/football/bangladesh/bfl/,
BANGLADESH - BFL - ROUND 6,7,Abahani Limited,fVCqgPH3,2,2,5,0,5,5,0,5,2025-12-12T15:30:28.998794,https://www.flashscore.com/football/bangladesh/bfl/,
BANGLADESH - BFL - ROUND 6,8,Fakirerpool YMC,ImWrQgcO,2,2,4,-2,4,6,-2,5,2025-12-12T15:30:28.998794,https://www.flashscore.com/football/bangladesh/bfl/,
BANGLADESH - BFL - ROUND 6,9,PWD Sports Club,WMZvNPvn,2,2,4,-4,4,8,-4,5,2025-12-12T15:30:28.998794,https://www.flashscore.com/football/bangladesh/bfl/,
BANGLADESH - BFL - ROUND 6,10,Arambagh,Wbd1dyAk,1,4,3,-5,3,8,-5,4,2025-12-12T15:30:28.998794,https://www.flashscore.com/football/bangladesh/bfl/,
TAIWAN - MULAN FOOTBALL LEAGUE WOMEN - ROUND 10,1,Hang Yuen W,CGNtoZpC,2,0,34,27,34,7,27,23,2025-12-12T15:33:35.124322,https://www.flashscore.com/football/taiwan/mulan-football-league-women/,
TAIWAN - MULAN FOOTBALL LEAGUE WOMEN - ROUND 10,2,Taichung Blue W,4hGuyBYH,1,1,21,14,21,7,14,22,2025-12-12T15:33:35.124322,https://www.flashscore.com/football/taiwan/mulan-football-league-women/,
TAIWAN - MULAN FOOTBALL LEAGUE WOMEN - ROUND 10,3,Kaohsiung W,zqCuzbyG,3,1,20,10,20,10,10,18,2025-12-12T15:33:35.124322,https://www.flashscore.com/football/taiwan/mulan-football-league-women/,
TAIWAN - MULAN FOOTBALL LEAGUE WOMEN - ROUND 10,4,Taichung Sakura W,K22PejaU,1,4,11,-11,11,22,-11,13,2025-12-12T15:33:35.124322,https://www.flashscore.com/football/taiwan/mulan-football-league-women/,
KENYA - PREMIER LEAGUE - ROUND 14,8,KCB,YJdDMY7P,3,4,11,2,11,9,2,18,2025-12-14T16:56:51.535870,https://www.flashscore.com/football/kenya/premier-league/,KENYA___PREMIER_LEAGUE___ROUND_14_KCB
TAIWAN - MULAN FOOTBALL LEAGUE WOMEN - ROUND 10,7,Valkyrie W,8rHkqDFO,0,7,7,-17,7,24,-17,6,2025-12-12T15:33:35.124322,https://www.flashscore.com/football/taiwan/mulan-football-league-women/,
TAIWAN - MULAN FOOTBALL LEAGUE WOMEN - ROUND 10,8,Taipei Bravo W,ljhGTeEq,1,8,2,-23,2,25,-23,1,2025-12-12T15:33:35.124322,https://www.flashscore.com/football/taiwan/mulan-football-league-women/,
SEYCHELLES - PREMIER LEAGUE - ROUND 7,1,Foresters FC,ELM3WgvF,0,2,15,9,15,6,9,15,2025-12-12T15:41:56.448770,https://www.flashscore.com/football/seychelles/premier-league/,
SEYCHELLES - PREMIER LEAGUE - ROUND 7,2,Bazar Brothers,Y54TCLNF,3,0,13,8,13,5,8,12,2025-12-12T15:41:56.448770,https://www.flashscore.com/football/seychelles/premier-league/,
SEYCHELLES - PREMIER LEAGUE - ROUND 7,3,Anse Reunion,j5JKOfug,2,2,12,5,12,7,5,11,2025-12-12T15:41:56.448770,https://www.flashscore.com/football/seychelles/premier-league/,
SEYCHELLES - PREMIER LEAGUE - ROUND 7,4,Cote d'Or,EuDj3M54,1,3,14,2,14,12,2,10,2025-12-12T15:41:56.448770,https://www.flashscore.com/football/seychelles/premier-league/,
SEYCHELLES - PREMIER LEAGUE - ROUND 7,5,Saint Louis,OjFGAutG,1,2,8,0,8,8,0,10,2025-12-12T15:41:56.448770,https://www.flashscore.com/football/seychelles/premier-league/,
SEYCHELLES - PREMIER LEAGUE - ROUND 7,6,Real Maldives,zLwAvKwG,0,3,7,0,7,7,0,9,2025-12-12T15:41:56.448770,https://www.flashscore.com/football/seychelles/premier-league/,
SEYCHELLES - PREMIER LEAGUE - ROUND 7,7,Bel Air,KxTOlfF9,3,1,7,0,7,7,0,9,2025-12-12T15:41:56.448770,https://www.flashscore.com/football/seychelles/premier-league/,
SEYCHELLES - PREMIER LEAGUE - ROUND 7,8,St Michel United,vBqEk5c4,1,3,11,0,11,11,0,7,2025-12-12T15:41:56.448770,https://www.flashscore.com/football/seychelles/premier-league/,
SEYCHELLES - PREMIER LEAGUE - ROUND 7,9,Lightstars,z1fAInfF,2,4,6,-8,6,14,-8,5,2025-12-12T15:41:56.448770,https://www.flashscore.com/football/seychelles/premier-league/,
SEYCHELLES - PREMIER LEAGUE - ROUND 7,10,Revengers,rRcIGQOR,1,5,1,-16,1,17,-16,1,2025-12-12T15:41:56.448770,https://www.flashscore.com/football/seychelles/premier-league/,
DR CONGO - LIGUE 1 - ROUND 10,1,Simba,4fNDMVJo,2,2,16,7,16,9,7,23,2025-12-12T15:49:08.857393,https://www.flashscore.com/football/dr-congo/ligue-1/,
DR CONGO - LIGUE 1 - ROUND 10,2,Mazembe,rJfKh7qN,2,1,17,13,17,4,13,20,2025-12-12T15:49:08.857393,https://www.flashscore.com/football/dr-congo/ligue-1/,
DR CONGO - LIGUE 1 - ROUND 10,3,St Eloi Lupopo,IVLgRZlm,2,0,16,11,16,5,11,20,2025-12-12T15:49:08.857393,https://www.flashscore.com/football/dr-congo/ligue-1/,
DR CONGO - LIGUE 1 - ROUND 10,4,Malole,MPeIl2Lh,3,1,14,8,14,6,8,18,2025-12-12T15:49:08.857393,https://www.flashscore.com/football/dr-congo/ligue-1/,
DR CONGO - LIGUE 1 - ROUND 10,5,Don Bosco,rgPE61eo,3,2,13,5,13,8,5,18,2025-12-12T15:49:08.857393,https://www.flashscore.com/football/dr-congo/ligue-1/,
DR CONGO - LIGUE 1 - ROUND 10,6,Lubumbashi Sport,x2ltaKrq,5,1,9,4,9,5,4,17,2025-12-12T15:49:08.857393,https://www.flashscore.com/football/dr-congo/ligue-1/,
DR CONGO - LIGUE 1 - ROUND 10,7,Tshinkunku,YFwNANXN,3,4,10,-4,10,14,-4,15,2025-12-12T15:49:08.857393,https://www.flashscore.com/football/dr-congo/ligue-1/,
DR CONGO - LIGUE 1 - ROUND 10,8,Saint-Luc,bRDQ07GG,2,1,7,3,7,4,3,14,2025-12-12T15:49:08.857393,https://www.flashscore.com/football/dr-congo/ligue-1/,
DR CONGO - LIGUE 1 - ROUND 10,9,AS New Soger,A7EU2hKp,2,6,9,-2,9,11,-2,14,2025-12-12T15:49:08.857393,https://www.flashscore.com/football/dr-congo/ligue-1/,
DR CONGO - LIGUE 1 - ROUND 10,10,Sanga Balende,vPRfquoq,2,6,9,-4,9,13,-4,11,2025-12-12T15:49:08.857393,https://www.flashscore.com/football/dr-congo/ligue-1/,
DR CONGO - LIGUE 1 - ROUND 10,11,Blessing,Sv4ZfUyS,3,5,9,-3,9,12,-3,9,2025-12-12T15:49:08.857393,https://www.flashscore.com/football/dr-congo/ligue-1/,
DR CONGO - LIGUE 1 - ROUND 10,12,Groupe Bazano,ObAh2h9o,3,5,10,-7,10,17,-7,9,2025-12-12T15:49:08.857393,https://www.flashscore.com/football/dr-congo/ligue-1/,
DR CONGO - LIGUE 1 - ROUND 10,13,Tanganyika,jkaf0sAK,2,6,6,-6,6,12,-6,8,2025-12-12T15:49:08.857393,https://www.flashscore.com/football/dr-congo/ligue-1/,
DR CONGO - LIGUE 1 - ROUND 10,14,Manika,d0ovafZr,3,4,3,-4,3,7,-4,6,2025-12-12T15:49:08.857393,https://www.flashscore.com/football/dr-congo/ligue-1/,
DR CONGO - LIGUE 1 - ROUND 10,15,Tshikas,bi65l4LN,3,6,11,-8,11,19,-8,6,2025-12-12T15:49:08.857393,https://www.flashscore.com/football/dr-congo/ligue-1/,
DR CONGO - LIGUE 1 - ROUND 10,16,US Panda,6XXWPpSs,0,8,7,-13,7,20,-13,6,2025-12-12T15:49:08.857393,https://www.flashscore.com/football/dr-congo/ligue-1/,
AUSTRIA - 2. LIGA - ROUND 17,1,St. Polten,8KA7Qw1U,2,3,28,13,28,15,13,32,2025-12-12T15:58:31.794446,https://www.flashscore.com/football/austria/2-liga/,
AUSTRIA - 2. LIGA - ROUND 17,2,Admira,Yk4H6LHn,7,0,36,23,36,13,23,31,2025-12-12T15:58:31.794446,https://www.flashscore.com/football/austria/2-liga/,
AUSTRIA - 2. LIGA - ROUND 17,3,Amstetten,YHWHwmRf,7,1,26,12,26,14,12,28,2025-12-12T15:58:31.794446,https://www.flashscore.com/football/austria/2-liga/,
AUSTRIA - 2. LIGA - ROUND 17,4,Floridsdorfer AC,r9HwRaWH,4,3,23,13,23,10,13,28,2025-12-12T15:58:31.794446,https://www.flashscore.com/football/austria/2-liga/,
AUSTRIA - 2. LIGA - ROUND 17,5,A. Lustenau,655zEcZJ,4,3,20,8,20,12,8,28,2025-12-12T15:58:31.794446,https://www.flashscore.com/football/austria/2-liga/,
AUSTRIA - 2. LIGA - ROUND 17,6,Austria Vienna (Am),C4FBQHlQ,3,6,18,-4,18,22,-4,21,2025-12-12T15:58:31.794446,https://www.flashscore.com/football/austria/2-liga/,
AUSTRIA - 2. LIGA - ROUND 17,7,Liefering,Cv27lapN,7,4,23,-3,23,26,-3,19,2025-12-12T15:58:31.794446,https://www.flashscore.com/football/austria/2-liga/,
AUSTRIA - 2. LIGA - ROUND 17,8,A. Salzburg,jVlL3vb5,3,7,21,-6,21,27,-6,18,2025-12-12T15:58:31.794446,https://www.flashscore.com/football/austria/2-liga/,
AUSTRIA - 2. LIGA - ROUND 17,9,First Vienna,Eez3RKEM,4,6,16,-1,16,17,-1,16,2025-12-12T15:58:31.794446,https://www.flashscore.com/football/austria/2-liga/,
AUSTRIA - 2. LIGA - ROUND 17,10,SK Rapid II,Yuu4T0aG,4,7,18,-7,18,25,-7,16,2025-12-12T15:58:31.794446,https://www.flashscore.com/football/austria/2-liga/,
AUSTRIA - 2. LIGA - ROUND 17,11,A. Klagenfurt,hIayizS6,3,7,17,-5,17,22,-5,15,2025-12-12T15:58:31.794446,https://www.flashscore.com/football/austria/2-liga/,
AUSTRIA - 2. LIGA - ROUND 17,12,Kapfenberg,SUpSZy5K,2,9,19,-14,19,33,-14,14,2025-12-12T15:58:31.794446,https://www.flashscore.com/football/austria/2-liga/,
AUSTRIA - 2. LIGA - ROUND 17,13,Hertha Wels,6i1ocvXH,4,8,15,-8,15,23,-8,13,2025-12-12T15:58:31.794446,https://www.flashscore.com/football/austria/2-liga/,
AUSTRIA - 2. LIGA - ROUND 17,14,Sturm Graz II,8IZ6QvUS,5,8,15,-13,15,28,-13,11,2025-12-12T15:58:31.794446,https://www.flashscore.com/football/austria/2-liga/,
AUSTRIA - 2. LIGA - ROUND 17,15,Bregenz,fmD86L0H,7,7,18,-8,18,26,-8,7,2025-12-12T15:58:31.794446,https://www.flashscore.com/football/austria/2-liga/,
AUSTRIA - 2. LIGA - ROUND 17,16,Stripfing,dOdvIwtg,0,0,0,0,0,0,0,0,2025-12-12T15:58:31.794446,https://www.flashscore.com/football/austria/2-liga/,
NETHERLANDS - TWEEDE DIVISIE - ROUND 17,1,Quick Boys,EFbfPyCk,5,1,35,22,35,13,22,34,2025-12-12T16:06:28.411228,https://www.flashscore.com/football/netherlands/tweede-divisie/,
NETHERLANDS - TWEEDE DIVISIE - ROUND 17,2,Hoek,0SOZnGOf,3,3,26,11,26,15,11,33,2025-12-12T16:06:28.411228,https://www.flashscore.com/football/netherlands/tweede-divisie/,
NETHERLANDS - TWEEDE DIVISIE - ROUND 17,3,Hardenberg,8lGjdOzo,1,5,27,12,27,15,12,31,2025-12-12T16:06:28.411228,https://www.flashscore.com/football/netherlands/tweede-divisie/,
NETHERLANDS - TWEEDE DIVISIE - ROUND 17,4,Jong Almere City,WvtVUUns,3,5,39,15,39,24,15,27,2025-12-12T16:06:28.411228,https://www.flashscore.com/football/netherlands/tweede-divisie/,
NETHERLANDS - TWEEDE DIVISIE - ROUND 17,7,GVVV,OUs0KUs2,4,5,25,1,25,24,1,25,2025-12-12T16:06:28.411228,https://www.flashscore.com/football/netherlands/tweede-divisie/,
NETHERLANDS - TWEEDE DIVISIE - ROUND 17,8,Rijnsburgse Boys,4O55s8Hm,3,6,32,4,32,28,4,24,2025-12-12T16:06:28.411228,https://www.flashscore.com/football/netherlands/tweede-divisie/,
NETHERLANDS - TWEEDE DIVISIE - ROUND 17,9,Jong Sparta Rotterdam,z3u6UttD,5,5,38,6,38,32,6,23,2025-12-12T16:06:28.411228,https://www.flashscore.com/football/netherlands/tweede-divisie/,
NETHERLANDS - TWEEDE DIVISIE - ROUND 17,10,Kozakken Boys,vNFFJ5c4,5,5,21,-3,21,24,-3,23,2025-12-12T16:06:28.411228,https://www.flashscore.com/football/netherlands/tweede-divisie/,
NETHERLANDS - TWEEDE DIVISIE - ROUND 17,11,Katwijk,lrd9kyb8,3,7,24,-3,24,27,-3,21,2025-12-12T16:06:28.411228,https://www.flashscore.com/football/netherlands/tweede-divisie/,
NETHERLANDS - TWEEDE DIVISIE - ROUND 17,12,AFC,fyP9xMTH,3,7,20,-4,20,24,-4,21,2025-12-12T16:06:28.411228,https://www.flashscore.com/football/netherlands/tweede-divisie/,
NETHERLANDS - TWEEDE DIVISIE - ROUND 17,13,Barendrecht,pfRZrvjK,2,8,28,-15,28,43,-15,20,2025-12-12T16:06:28.411228,https://www.flashscore.com/football/netherlands/tweede-divisie/,
NETHERLANDS - TWEEDE DIVISIE - ROUND 17,14,HFC,Y17sgnkF,3,8,14,-6,14,20,-6,18,2025-12-12T16:06:28.411228,https://www.flashscore.com/football/netherlands/tweede-divisie/,
NETHERLANDS - TWEEDE DIVISIE - ROUND 17,15,RKAV Volendam,xdoZWnj7,1,10,22,-9,22,31,-9,16,2025-12-12T16:06:28.411228,https://www.flashscore.com/football/netherlands/tweede-divisie/,
NETHERLANDS - TWEEDE DIVISIE - ROUND 17,16,Excelsior Maassluis,UDZPfSMg,5,8,18,-9,18,27,-9,14,2025-12-12T16:06:28.411228,https://www.flashscore.com/football/netherlands/tweede-divisie/,
NETHERLANDS - TWEEDE DIVISIE - ROUND 17,17,IJsselmeervogels,EBIsL7Do,0,12,22,-13,22,35,-13,12,2025-12-12T16:06:28.411228,https://www.flashscore.com/football/netherlands/tweede-divisie/,
NETHERLANDS - TWEEDE DIVISIE - ROUND 17,18,ACV Assen,SrUo84oA,5,10,16,-21,16,37,-21,8,2025-12-12T16:06:28.411228,https://www.flashscore.com/football/netherlands/tweede-divisie/,
WALES - CYMRU NORTH - ROUND 15,1,Llandudno,p4Axz2IQ,2,0,32,27,32,5,27,35,2025-12-12T16:08:38.332608,https://www.flashscore.com/football/wales/cymru-north/,
WALES - CYMRU NORTH - ROUND 15,2,Holywell,0QWr1oIb,4,2,42,23,42,19,23,34,2025-12-12T16:08:38.332608,https://www.flashscore.com/football/wales/cymru-north/,
WALES - CYMRU NORTH - ROUND 15,3,Airbus,0hRd6c1g,3,2,43,29,43,14,29,33,2025-12-12T16:08:38.332608,https://www.flashscore.com/football/wales/cymru-north/,
WALES - CYMRU NORTH - ROUND 15,4,Newtown,Au6LyZpa,3,3,35,13,35,22,13,33,2025-12-12T16:08:38.332608,https://www.flashscore.com/football/wales/cymru-north/,
WALES - CYMRU NORTH - ROUND 15,5,Guilsfield,pvz6EAEN,3,3,27,7,27,20,7,27,2025-12-12T16:08:38.332608,https://www.flashscore.com/football/wales/cymru-north/,
WALES - CYMRU NORTH - ROUND 15,6,Buckley,fs066hlE,2,5,38,4,38,34,4,26,2025-12-12T16:08:38.332608,https://www.flashscore.com/football/wales/cymru-north/,
WALES - CYMRU NORTH - ROUND 15,7,Denbigh,U5V1jgZK,3,5,32,8,32,24,8,21,2025-12-12T16:08:38.332608,https://www.flashscore.com/football/wales/cymru-north/,
WALES - CYMRU NORTH - ROUND 15,8,Rhyl,UNwow86p,4,6,24,-7,24,31,-7,19,2025-12-12T16:08:38.332608,https://www.flashscore.com/football/wales/cymru-north/,
WALES - CYMRU NORTH - ROUND 15,9,Mold Alexandra,Es9411nk,4,5,15,0,15,15,0,16,2025-12-12T16:08:38.332608,https://www.flashscore.com/football/wales/cymru-north/,
WALES - CYMRU NORTH - ROUND 15,10,Holyhead,S2PADUTT,4,7,23,-5,23,28,-5,16,2025-12-12T16:08:38.332608,https://www.flashscore.com/football/wales/cymru-north/,
WALES - CYMRU NORTH - ROUND 15,11,Brickfield,fZRbKIIg,3,6,15,-10,15,25,-10,15,2025-12-12T16:08:38.332608,https://www.flashscore.com/football/wales/cymru-north/,
WALES - CYMRU NORTH - ROUND 15,12,Flint Mountain,biWWzDD9,2,9,22,-14,22,36,-14,14,2025-12-12T16:08:38.332608,https://www.flashscore.com/football/wales/cymru-north/,
WALES - CYMRU NORTH - ROUND 15,13,Caersws FC,jRiH3eoC,3,9,15,-15,15,30,-15,9,2025-12-12T16:08:38.332608,https://www.flashscore.com/football/wales/cymru-north/,
WALES - CYMRU NORTH - ROUND 15,14,Ruthin,fkrwZAJm,3,10,15,-16,15,31,-16,9,2025-12-12T16:08:38.332608,https://www.flashscore.com/football/wales/cymru-north/,
WALES - CYMRU NORTH - ROUND 15,15,Gresford,INNUUXsk,3,10,23,-31,23,54,-31,9,2025-12-12T16:08:38.332608,https://www.flashscore.com/football/wales/cymru-north/,
WALES - CYMRU NORTH - ROUND 15,16,Penrhyncoch,nstciZJE,4,9,19,-13,19,32,-13,7,2025-12-12T16:08:38.332608,https://www.flashscore.com/football/wales/cymru-north/,
WALES - CYMRU SOUTH - ROUND 16,1,Cambrian United,fw6LT2dr,2,2,38,25,38,13,25,35,2025-12-12T16:11:13.110806,https://www.flashscore.com/football/wales/cymru-south/,
WALES - CYMRU SOUTH - ROUND 16,2,Trefelin,Sh4unlDI,3,1,28,20,28,8,20,30,2025-12-12T16:11:13.110806,https://www.flashscore.com/football/wales/cymru-south/,
WALES - CYMRU SOUTH - ROUND 16,3,Ammanford,CKHq8vfg,7,1,22,12,22,10,12,28,2025-12-12T16:11:13.110806,https://www.flashscore.com/football/wales/cymru-south/,
WALES - CYMRU SOUTH - ROUND 16,4,Carmarthen Town,tfcgsUrN,7,2,16,6,16,10,6,25,2025-12-12T16:11:13.110806,https://www.flashscore.com/football/wales/cymru-south/,
WALES - CYMRU SOUTH - ROUND 16,5,Newport City,OELAnACL,7,3,22,4,22,18,4,25,2025-12-12T16:11:13.110806,https://www.flashscore.com/football/wales/cymru-south/,
WALES - CYMRU SOUTH - ROUND 16,6,Caerau Ely,hzAq4Yah,3,3,28,12,28,16,12,24,2025-12-12T16:11:13.110806,https://www.flashscore.com/football/wales/cymru-south/,
WALES - CYMRU SOUTH - ROUND 16,7,Cardiff Draconians,veMNg5Y3,2,5,23,5,23,18,5,23,2025-12-12T16:11:13.110806,https://www.flashscore.com/football/wales/cymru-south/,
WALES - CYMRU SOUTH - ROUND 16,8,Aberystwyth,jLQKgwnm,2,5,19,4,19,15,4,23,2025-12-12T16:11:13.110806,https://www.flashscore.com/football/wales/cymru-south/,
WALES - CYMRU SOUTH - ROUND 16,9,Llantwit Major,tb3xcTQs,7,4,19,0,19,19,0,19,2025-12-12T16:11:13.110806,https://www.flashscore.com/football/wales/cymru-south/,
WALES - CYMRU SOUTH - ROUND 16,10,Pontypridd,OW46IFQN,4,8,26,-2,26,28,-2,16,2025-12-12T16:11:13.110806,https://www.flashscore.com/football/wales/cymru-south/,
WALES - CYMRU SOUTH - ROUND 16,11,Treowen,K84M4JUB,4,7,26,-7,26,33,-7,16,2025-12-12T16:11:13.110806,https://www.flashscore.com/football/wales/cymru-south/,
WALES - CYMRU SOUTH - ROUND 16,12,Baglan Dragons,ABH6mjcF,6,5,17,-2,17,19,-2,15,2025-12-12T16:11:13.110806,https://www.flashscore.com/football/wales/cymru-south/,
WALES - CYMRU SOUTH - ROUND 16,13,Trethomas Bluebirds,SljkUvhG,7,6,21,-8,21,29,-8,13,2025-12-12T16:11:13.110806,https://www.flashscore.com/football/wales/cymru-south/,
WALES - CYMRU SOUTH - ROUND 16,14,Afan Lido,lxWLpBaU,3,9,15,-16,15,31,-16,12,2025-12-12T16:11:13.110806,https://www.flashscore.com/football/wales/cymru-south/,
WALES - CYMRU SOUTH - ROUND 16,15,Ynyshir Albions,nLouPzT3,3,10,10,-23,10,33,-23,9,2025-12-12T16:11:13.110806,https://www.flashscore.com/football/wales/cymru-south/,
WALES - CYMRU SOUTH - ROUND 16,16,Cwmbran Celtic,Kxaa5wpB,3,11,8,-30,8,38,-30,3,2025-12-12T16:11:13.110806,https://www.flashscore.com/football/wales/cymru-south/,
ENGLAND - LEAGUE ONE - ROUND 20,1,Cardiff,hO8wh6aP,2,4,32,15,32,17,15,38,2025-12-12T16:19:24.608104,https://www.flashscore.com/football/england/league-one/,
ENGLAND - LEAGUE ONE - ROUND 20,2,Bradford City,bsc3EJ27,7,2,26,8,26,18,8,34,2025-12-12T16:19:24.608104,https://www.flashscore.com/football/england/league-one/,
ENGLAND - LEAGUE ONE - ROUND 20,3,Lincoln,hrHTRs5B,4,5,26,7,26,19,7,34,2025-12-12T16:19:24.608104,https://www.flashscore.com/football/england/league-one/,
ENGLAND - LEAGUE ONE - ROUND 20,4,Stockport County,IX6WjNvr,5,4,25,4,25,21,4,32,2025-12-12T16:19:24.608104,https://www.flashscore.com/football/england/league-on,
ENGLAND - LEAGUE ONE - ROUND 20,7,Luton,SlybbadF,4,7,22,-1,22,23,-1,28,2025-12-12T16:19:24.608104,https://www.flashscore.com/football/england/league-one/,
ENGLAND - LEAGUE ONE - ROUND 20,8,Huddersfield,xxxpBZl2,3,8,31,2,31,29,2,27,2025-12-12T16:19:24.608104,https://www.flashscore.com/football/england/league-one/,
ENGLAND - LEAGUE ONE - ROUND 20,9,AFC Wimbledon,4KREuF43,2,8,23,-3,23,26,-3,26,2025-12-12T16:19:24.608104,https://www.flashscore.com/football/england/league-one/,
ENGLAND - LEAGUE ONE - ROUND 20,10,Barnsley,UNGEKMx6,4,5,27,5,27,22,5,25,2025-12-12T16:19:24.608104,https://www.flashscore.com/football/england/league-one/,
ENGLAND - LEAGUE ONE - ROUND 20,11,Wigan,MgHlK2Na,7,5,21,1,21,20,1,25,2025-12-12T16:19:24.608104,https://www.flashscore.com/football/england/league-one/,
ENGLAND - LEAGUE ONE - ROUND 20,12,Leyton Orient,KKyYcus9,4,8,30,0,30,30,0,25,2025-12-12T16:19:24.608104,https://www.flashscore.com/football/england/league-one/,
ENGLAND - LEAGUE ONE - ROUND 20,13,Wycombe,hl2V5JIl,6,7,26,5,26,21,5,24,2025-12-12T16:19:24.608104,https://www.flashscore.com/football/england/league-one/,
ENGLAND - LEAGUE ONE - ROUND 20,14,Northampton,l4P6dwRR,3,8,17,-1,17,18,-1,24,2025-12-12T16:19:24.608104,https://www.flashscore.com/football/england/league-one/,
ENGLAND - LEAGUE ONE - ROUND 20,15,Rotherham,KMfM7P4b,6,7,20,-3,20,23,-3,24,2025-12-12T16:19:24.608104,https://www.flashscore.com/football/england/league-one/,
ENGLAND - LEAGUE ONE - ROUND 20,16,Mansfield,t6G9wMZN,4,8,23,-1,23,24,-1,22,2025-12-12T16:19:24.608104,https://www.flashscore.com/football/england/league-one/,
ENGLAND - LEAGUE ONE - ROUND 20,17,Reading,EmlVDpVP,7,6,21,-1,21,22,-1,22,2025-12-12T16:19:24.608104,https://www.flashscore.com/football/england/league-one/,
ENGLAND - LEAGUE ONE - ROUND 20,18,Burton,nwCtJaJT,4,8,16,-8,16,24,-8,22,2025-12-12T16:19:24.608104,https://www.flashscore.com/football/england/league-one/,
ENGLAND - LEAGUE ONE - ROUND 20,19,Doncaster,hlzYDy5q,4,9,17,-9,17,26,-9,22,2025-12-12T16:19:24.608104,https://www.flashscore.com/football/england/league-one/,
ENGLAND - LEAGUE ONE - ROUND 20,20,Exeter,ve14a3l4,2,10,17,-1,17,18,-1,20,2025-12-12T16:19:24.608104,https://www.flashscore.com/football/england/league-one/,
ENGLAND - LEAGUE ONE - ROUND 20,21,Peterborough,tWeI85kh,1,11,21,-5,21,26,-5,19,2025-12-12T16:19:24.608104,https://www.flashscore.com/football/england/league-one/,
ENGLAND - LEAGUE ONE - ROUND 20,22,Blackpool,8EFIJthC,4,10,20,-8,20,28,-8,19,2025-12-12T16:19:24.608104,https://www.flashscore.com/football/england/league-one/,
ENGLAND - LEAGUE ONE - ROUND 20,23,Plymouth,WpGM6ELj,1,12,20,-12,20,32,-12,19,2025-12-12T16:19:24.608104,https://www.flashscore.com/football/england/league-one/,
ENGLAND - LEAGUE ONE - ROUND 20,24,Port Vale,U3lM3y4e,5,10,11,-10,11,21,-10,14,2025-12-12T16:19:24.608104,https://www.flashscore.com/football/england/league-one/,
ENGLAND - LEAGUE TWO - ROUND 20,1,Walsall,YgrfcLuL,2,5,29,11,29,18,11,38,2025-12-12T16:22:11.452170,https://www.flashscore.com/football/england/league-two/,
ENGLAND - LEAGUE TWO - ROUND 20,2,Notts Co,EwJVdqzn,4,5,33,11,33,22,11,34,2025-12-12T16:22:11.452170,https://www.flashscore.com/football/england/league-two/,
ENGLAND - LEAGUE TWO - ROUND 20,3,Swindon,xSloasB8,4,5,31,6,31,25,6,34,2025-12-12T16:22:11.452170,https://www.flashscore.com/football/england/league-two/,
ENGLAND - LEAGUE TWO - ROUND 20,4,Bromley,Opdcd08Q,6,4,31,8,31,23,8,33,2025-12-12T16:22:11.452170,https://www.flashscore.com/football/england/league-two/,
ENGLAND - LEAGUE TWO - ROUND 20,5,MK Dons,f9KDxtkU,5,5,37,14,37,23,14,32,2025-12-12T16:22:11.452170,https://www.flashscore.com/football/england/league-two/,
ENGLAND - LEAGUE TWO - ROUND 20,6,Cambridge Utd,lnb8EJRp,6,5,21,4,21,17,4,30,2025-12-12T16:22:11.452170,https://www.flashscore.com/football/england/league-two/,
ENGLAND - LEAGUE TWO - ROUND 20,7,Salford,W4AadhN3,3,7,25,-1,25,26,-1,30,2025-12-12T16:22:11.452170,https://www.flashscore.com/football/england/league-two/,
ENGLAND - LEAGUE TWO - ROUND 20,8,Gillingham,WvZyDeKk,8,4,26,6,26,20,6,29,2025-12-12T16:22:11.452170,https://www.flashscore.com/football/england/league-two/,
ENGLAND - LEAGUE TWO - ROUND 20,9,Chesterfield,dQIMIN5n,8,4,33,3,33,30,3,29,2025-12-12T16:22:11.452170,https://www.flashscore.com/football/england/league-two/,
ENGLAND - LEAGUE TWO - ROUND 20,10,Colchester,xYu73rNn,7,5,28,7,28,21,7,28,2025-12-12T16:22:11.452170,https://www.flashscore.com/football/england/league-two/,
ENGLAND - LEAGUE TWO - ROUND 20,11,Barnet,4KcaFam1,7,5,26,7,26,19,7,28,2025-12-12T16:22:11.452170,https://www.flashscore.com/football/england/league-two/,
ENGLAND - LEAGUE TWO - ROUND 20,12,Crewe,YacqHHdS,4,7,29,3,29,26,3,28,2025-12-12T16:22:11.452170,https://www.flashscore.com/football/england/league-two/,
ENGLAND - LEAGUE TWO - ROUND 20,13,Grimsby,OEaiS3za,6,6,33,7,33,26,7,27,2025-12-12T16:22:11.452170,https://www.flashscore.com/football/england/league-two/,
ENGLAND - LEAGUE TWO - ROUND 20,14,Fleetwood,tCZ3D68d,6,6,28,1,28,27,1,27,2025-12-12T16:22:11.452170,https://www.flashscore.com/football/england/league-two/,
ENGLAND - LEAGUE TWO - ROUND 20,15,Tranmere,jVhkb1QE,8,5,33,6,33,27,6,26,2025-12-12T16:22:11.452170,https://www.flashscore.com/football/england/league-two/,
ENGLAND - LEAGUE TWO - ROUND 20,16,Accrington,6ZvdGuYf,6,7,23,1,23,22,1,24,2025-12-12T16:22:11.452170,https://www.flashscore.com/football/england/league-two/,
ENGLAND - LEAGUE TWO - ROUND 20,17,Oldham,O4voiHlk,8,6,16,2,16,14,2,23,2025-12-12T16:22:11.452170,https://www.flashscore.com/football/england/league-two/,
ENGLAND - LEAGUE TWO - ROUND 20,18,Barrow,KKJL7QXd,5,9,18,-8,18,26,-8,20,2025-12-12T16:22:11.452170,https://www.flashscore.com/football/england/league-two/,
ENGLAND - LEAGUE TWO - ROUND 20,19,Cheltenham,jizXHcsM,2,11,15,-17,15,32,-17,20,2025-12-12T16:22:11.452170,https://www.flashscore.com/football/england/league-two/,
ENGLAND - LEAGUE TWO - ROUND 20,20,Shrewsbury,EqfQ6qK4,6,9,19,-13,19,32,-13,18,2025-12-12T16:22:11.452170,https://www.flashscore.com/football/england/league-two/,
ENGLAND - LEAGUE TWO - ROUND 20,21,Crawley,QVmLl54o,5,10,23,-10,23,33,-10,17,2025-12-12T16:22:11.452170,https://www.flashscore.com/football/england/league-two/,
ENGLAND - LEAGUE TWO - ROUND 20,22,Bristol Rovers,GILi6JC9,2,12,15,-20,15,35,-20,17,2025-12-12T16:22:11.452170,https://www.flashscore.com/football/england/league-two/,
ENGLAND - LEAGUE TWO - ROUND 20,23,Harrogate,CQv5qrFt,4,11,17,-13,17,30,-13,16,2025-12-12T16:22:11.452170,https://www.flashscore.com/football/england/league-two/,
ENGLAND - LEAGUE TWO - ROUND 20,24,Newport,ChwgcrNJ,4,12,20,-15,20,35,-15,13,2025-12-12T16:22:11.452170,https://www.flashscore.com/football/england/league-two/,
NORTHERN IRELAND - NIFL CHAMPIONSHIP - ROUND 20,1,Annagh,2cMhBdL7,3,3,27,15,27,12,15,39,2025-12-12T16:26:48.572987,https://www.flashscore.com/football/northern-ireland/nifl-championship/,
NORTHERN IRELAND - NIFL CHAMPIONSHIP - ROUND 20,2,Limavady,hIPsvlmt,6,2,33,13,33,20,13,39,2025-12-12T16:26:48.572987,https://www.flashscore.com/football/northern-ireland/nifl-championship/,
NORTHERN IRELAND - NIFL CHAMPIONSHIP - ROUND 20,3,H&W Welders,4z47nPvH,6,4,36,16,36,20,16,33,2025-12-12T16:26:48.572987,https://www.flashscore.com/football/northern-ireland/nifl-championship/,
NORTHERN IRELAND - NIFL CHAMPIONSHIP - ROUND 20,4,Queens Univ.,CCutH6eO,7,5,24,2,24,22,2,28,2025-12-12T16:26:48.572987,https://www.flashscore.com/football/northern-ireland/nifl-championship/,
NORTHERN IRELAND - NIFL CHAMPIONSHIP - ROUND 20,5,Newington,l6Q82b2g,5,6,37,9,37,28,9,26,2025-12-12T16:26:48.572987,https://www.flashscore.com/football/northern-ireland/nifl-championship/,
NORTHERN IRELAND - NIFL CHAMPIONSHIP - ROUND 20,6,Loughgall,Aq1bgyzt,10,3,25,3,25,22,3,25,2025-12-12T16:26:48.572987,https://www.flashscore.com/football/northern-ireland/nifl-championship/,
NORTHERN IRELAND - NIFL CHAMPIONSHIP - ROUND 20,7,Institute,hfFLQorH,5,7,21,-2,21,23,-2,23,2025-12-12T16:26:48.572987,https://www.flashscore.com/football/northern-ireland/nifl-championship/,
NORTHERN IRELAND - NIFL CHAMPIONSHIP - ROUND 20,8,Ballinamallard,CCXuZ3WN,6,8,25,-10,25,35,-10,21,2025-12-12T16:26:48.572987,https://www.flashscore.com/football/northern-ireland/nifl-championship/,
NORTHERN IRELAND - NIFL CHAMPIONSHIP - ROUND 20,9,Warrenpoint,jebXnqfN,5,7,25,-1,25,26,-1,20,2025-12-12T16:26:48.572987,https://www.flashscore.com/football/northern-ireland/nifl-championship/,
NORTHERN IRELAND - NIFL CHAMPIONSHIP - ROUND 20,10,Ards,GpvXzQ1B,3,11,21,-11,21,32,-11,18,2025-12-12T16:26:48.572987,https://www.flashscore.com/football/northern-ireland/nifl-championship/,
NORTHERN IRELAND - NIFL CHAMPIONSHIP - ROUND 20,11,Armagh,nqBvMS2a,3,12,22,-17,22,39,-17,15,2025-12-12T16:26:48.572987,https://www.flashscore.com/football/northern-ireland/nifl-championship/,
